arm,ref_window,alt_allele,measured_effect
mpra_transcription,CAGATTTTCATATTATGCAGAAAATCTACTTCGCCTGATAC,G,0.06522202238075721
mpra_transcription,TCGGTTATCTTCGGATACTGTATAGTCCCACCTGGTGATCC,T,0.0619375062173719
mpra_transcription,ATGCTTGTGAGTACCCAGAAAATAGCGACGGACCGCGGTGT,T,0.0651625655226245
mpra_transcription,GTCGAGCTACATCACTTCTCATGTAGCCAGAAGGCTGCAAC,T,0.05686222027003662
mpra_transcription,CATCGACTCTATGTAGTGACCGCGTCGATGTCAAACCCCGG,G,-0.061641590355304726
mpra_transcription,GCTCAGATATCCGATACAGGGATGAAGAAATAACCTCATCC,C,0.06722550535990737
mpra_transcription,ATTGGTGACGAAAGGTTGTAAGTAGCTGGCCGCCGAGATAG,C,-0.06612385474249872
mpra_transcription,GCGGCGAACCACTAGAAAAGGTTCAGACCCCGGAGCCCAGC,C,0.05436834687271255
mpra_transcription,GTCACGATTGTTATGCGTATAAGCCCGGTTCACTACGTCCG,T,-0.09663760654921287
mpra_transcription,TGGCAAGCCGGGGCTAATCCGTCATTGTCAAGAGACATCTT,T,-0.23103968180115167
mpra_transcription,CGTCTCATTAGGCTACTAACGCCGCCGGGTCGTTACTCGAA,A,-0.01478959125703653
mpra_transcription,GCAGGTGGAATTGGTGTATTCAGCTTGCTCGATTTGATCGA,T,-0.006881134860694531
mpra_transcription,CTGCAAGGTGCTGTCTAGATAGATACCATGGCCCGGAAGTA,C,-0.04731588304231683
mpra_transcription,GGCTTCTGGCGCATGTCGCACTCGTCCCTGGTCACGAACTG,T,0.15597512951423012
mpra_transcription,ACAAACATTGGACACTCTTTCCCGTTCTGGTACAAAATGTG,C,-0.16655270089573235
mpra_transcription,CAATCATGCATGAAACAGATACATCGCTTGGGCCACGTAGT,C,0.1211218283770455
mpra_transcription,TAGAGCACACTAAATGAGACATCTTAGAGGAGATAGGCGTA,G,0.1593522458872792
mpra_transcription,CGGTTACTAGCCGTGATGCAAGGTGGGGGAACGGGATGTTG,T,0.1069230821907809
mpra_transcription,AACATGCGGGTGTGCACGCCACTAAGACGAAACCTAGTGCC,T,0.1402450520288832
mpra_transcription,TTGCTAGTCATTATTAGTACGAAGGGTTGTGCTCCGATAGT,T,-0.1580862733995108
mpra_transcription,GAAAATGTGGTGTTATGCTCACGGCGTGGTGTGTCTTTAAC,C,0.0705701210220571
mpra_transcription,AAGCTATCAATACTGAATAGGCTACATATGTTATACTCCGT,G,-0.015070538742398052
mpra_transcription,TCGTAAGGATGACGGCTCCGCTACTGGTGGTCTGTCGCCTC,A,-0.12258342329535282
mpra_transcription,CCGTTGACCGCAACACCGTGAAGCACGGGTAAGGCAGCAGA,A,-0.0030402285610829326
mpra_transcription,AGGCGAGAACTGCAGGAGAGCGTATTTGCGCAACCCTGAGG,G,-0.1001852231980265
mpra_transcription,AGAGAGTCCACCTGGGCCTTTACGGAACTATATTGGTTTAA,T,0.017009338843028583
mpra_transcription,AAAACGGGTCCAGCAAGTGGATTTGGGTCCAGACTGAATCT,C,-0.05743207312078663
mpra_transcription,CGGCTTGTCTTTATGCCATTAAACTTGCCAGATTCTACTCC,G,0.043265520295063836
mpra_transcription,CACCTACTCACACTTAATAATACAAGTGTCCGTTCTTCTGG,C,-0.0048061109169684185
mpra_transcription,CAGGCGGGGTGTACCGCCACTCCTTCAACAATTTCCACTCG,C,0.08082557409618747
mpra_transcription,TGCCGCGTGAGCTAGAGTGAAGCCAATCCTACTCGAACTTC,G,0.05891252699916068
mpra_transcription,CTGTTGTACCATATCTGCAAATTCCCTGCCGAGATACCGTA,A,0.014225110061282823
mpra_transcription,TATGTGGTATATGGCGAGTTAAAAAGGGAGATATGACGGCC,C,-0.08603753427597356
mpra_transcription,TGGGGAACGTGAACGTACGGCCAGTAGCAGGGCATGAAGTC,A,-0.054286703615476384
mpra_transcription,TCCCACAGTCAGTGGCAATACGAACACACCTGCTGGTACCC,G,0.12680493096087983
mpra_transcription,TGATAATGGATCTTTTCGGTGGGAATTGCTCTGCTTAAGAG,A,-0.036478081979977005
mpra_transcription,GTAGGGACAGAACGTGCACGGGTTTACTCACCCTTCCGGAG,T,-0.14996734363721861
mpra_transcription,AGTGTGAGGTAGATACGTGCAACCGAACAATAAAAAGGAAC,T,0.00196878029949134
mpra_transcription,CGGGCCCTACTAGGTAACACCCCGAAGCATCCAGGAATCCC,A,0.031186496703418987
mpra_transcription,AACGGTCAGCGGGTTTATCTGCACATGGGGTTGGGTTAGCG,C,0.011773034377636033
mpra_transcription,GCCCTCCCAGCGGCGTGATCGTACGACTAACGGGGGACTAG,C,0.17625111497764753
mpra_transcription,GGTCGACGACACCGGCCCAGTTTCGCTAGCCCCCACTGCAG,A,0.07284862102930247
mpra_transcription,CCATCGCACGTAAGTGCTAGGGATGTAGAGACGCGGGGTTA,G,0.04337766517026459
mpra_transcription,ATTCGGTGGCGCGATGCTTCTCACAAATTGCTTATTCGAGG,T,0.07064179082748158
mpra_transcription,CGATGCCCTAGGCTTACATCCTTAGGCCGCCGCTTTGCGCG,C,-0.07570115579965347
mpra_transcription,GATTCTTTGCAAAATCTTCTTACTTTGGCGCAAACTGTGAT,A,-0.1668778973916518
mpra_transcription,TGTTGACTTTCGCGCCCCTCAATATCGGGTATTTGGTGGCA,T,0.024658908230757663
mpra_transcription,AAGGTGGTGTTCCCCCAGAGTAGGGTCGCGTTCATGCCAGT,C,0.052162399483856474
mpra_transcription,GATAGATCACGCTTGGCCCCCCATCTCGGCAGCCCTTAACT,C,0.03998328712525389
mpra_transcription,GGATTATCCCAGAGCAAATGATTGCTGGTTTGCCACCCACT,T,0.1519127963497824
mpra_transcription,TAACAATGTCCGTGATCGAGACATCAGCCGATATATATACT,T,0.018054318043255052
mpra_transcription,TTGTAACGAAGACAAATCAGTATGTAAGTTCGGTTAGCTTG,C,0.3498158084539418
mpra_transcription,GTTTTCGAACTAGGGGCACTATTGGCACGATGAGATAAGTA,T,-0.13103341080663541
mpra_transcription,ACCAAAAGCCCCCAGTGCGCAGAATGTTTACCATTGGCCCC,A,-0.02479202730024438
mpra_transcription,GATGCCGCTATATGGGCCTATTACCTAGTCGACCTACTGTT,T,0.011437108093775397
mpra_transcription,TCTCAGTTACGTTGAGCGAAGTGAGCATTATCTTCATATAC,A,-0.018747456255276348
mpra_transcription,TAGAGAAAAGGGATGGCGCGCCCGGGGATGCCCCAGTCCCA,G,-0.11795962019701119
mpra_transcription,CATCTAGCGTGAAACATTACTTACACGCGGGGGGAAATACA,G,0.10258918078932784
mpra_transcription,TGACACACCATACTCACCAACGAGCTAGGGTTTGACTTCCA,A,0.03178869080388727
mpra_transcription,GTATTAACTTGACCGTGAGCCCACTCATGACAATTCCTATC,A,-0.04600997941235859
caqtl_accessibility,CGTTGTCTGTGTCTACGAATTATACTGAGAGGCCTGTCTTA,G,0.022560021997716978
caqtl_accessibility,AGCCGACTGTTTATAAAAGAGGCTGATGCCGAATCTCCCAT,A,0.02129682965620472
caqtl_accessibility,CGATCATCGTCATTTTGTGAATTCTCCGTTGGTTTGCGCGA,A,-0.0068314358128940735
caqtl_accessibility,CGGTACTACCATACAATTAAGATCGTAGGTTGACTGTTTGC,C,0.08154540138745839
caqtl_accessibility,AGGTAGCCACTCGCCGCCTTTGAAAGCCCTTGTGTGAACTC,A,0.008819858610548122
caqtl_accessibility,GCTTGGTATTCAGCATAGGATGAGTATATTAAATGCTACGT,C,0.0004527068300474144
caqtl_accessibility,TGGATTCGCTTCATGTTAGCGTGAGAAATCTCCACAAAAAA,G,-0.06325021371796997
caqtl_accessibility,AATCCTCGTCGAAAGATAAAGGGTTACGCAGTATCGAGGCG,C,0.0374371519311879
caqtl_accessibility,CACTGCTGTTAGAGGCCCCTGGATCTTAGACATTCATCCCG,G,0.018564031960705437
caqtl_accessibility,GCACGTAGACCGCATGGCAATGGTGGTGGATCTGGAAACCT,G,-0.030337369725559848
caqtl_accessibility,TTAATCCTTTATCTCGAGGCGGTCTGGCGAGGTGGCGGGCG,T,0.031781224122333904
caqtl_accessibility,TCTAACGAGATAGCAGCGTCAAGATACGCTGCAATTATGTA,C,-0.029264896345695093
caqtl_accessibility,GTTCAGTCCTATTCGAGAGACGTTGAGATCGCCATAGATGA,G,0.03247194772079769
caqtl_accessibility,ACTACTAATCATTCCCATGGCGTCGGCGGGCCAACGCGCCA,C,0.052578530501270426
caqtl_accessibility,TGGCGTAACTTGGTGCGGGTCGCTAAGATCTGAGGATTTTG,T,0.004195379955080158
caqtl_accessibility,TGAACGGTTATATCACTTCCCAGGTCTTCACCCAGAAGGCA,G,-0.06569497159485478
caqtl_accessibility,CCACTGCACCTCTTCATCCACCCCGAGAGGCTTCCATTGCT,T,-0.025667405656637006
caqtl_accessibility,CAAGTCTGGCTCTGCCCGAACTCGTATCAGGCTATGTCACA,T,0.04495862464811661
caqtl_accessibility,CATTGTATTCAACGACTCTCCGTAAATTGCATCTCCCCGGT,C,0.005094734528944584
caqtl_accessibility,GAAAGACTATCACGGTCTTATGAGCGGAATTGCGCGGCAAA,C,-0.08698975087786445
caqtl_accessibility,TGAGGACACTGGTATAGTCCTGAACTCGACCCTCGCCCACA,G,0.03729023854816181
caqtl_accessibility,CAATTTGCTTGTGGTCGAGCATAAATACCTTCGCCCAGGAA,C,-0.00010665400492131489
caqtl_accessibility,CGTATGCCAGCTATTCAAGGTGGTACTGTGATGACGTCCGA,C,0.01913085283827733
caqtl_accessibility,AGACTCTTACTGGTATCCTTAGCACCAGCCTTCCACACAAC,G,-0.028664525216202403
caqtl_accessibility,CGGCAGTGAATAGGGTGTTGAAATACAACTACGCGGTTCTT,A,-0.001582149809426739
caqtl_accessibility,GTCGTCTTTCCTAGGTTGAACTTCTACTTGCACACTGGTCA,T,-0.01558170451598931
caqtl_accessibility,TGTGCGCTTGTGGTAAGTGCGCCCGCTATTCCAACTTCGTG,A,-0.004805899846946695
caqtl_accessibility,TGGTACACTTAAGGGAGTAGGCGGCGGAACCTGGTCGAGAA,T,0.02227648779691293
caqtl_accessibility,TATAAATATCGATTGCACTTGTATTGAATCGCATGAGACGC,C,-0.007987222187100516
caqtl_accessibility,GATTTTGTCCACGCCCCCTCATTTTTTGTCCTAGCTCCTTA,G,0.014442764883743648
caqtl_accessibility,CCGTGCATAAAAAACGACTGGGCCTAGATTGAAACTCCACT,A,-0.0336219087077866
caqtl_accessibility,GGCTAAGCAGACGACGTTCACGACCCCTAACGCGAAGCTGC,G,0.06392937917633906
caqtl_accessibility,CGAGACTTAATTAGTTGCCTCCCTCGTCACAGAACTGTTTT,T,-0.018611183035450247
caqtl_accessibility,GCATCGAACCTCGGGCACGGCAAGCTTTACGAACCCTCTTG,A,0.019546087960456555
caqtl_accessibility,ATGGGGGAATGGATGATGTTCCATGCGCACTTGCAGCGCTT,A,0.02940198652921333
caqtl_accessibility,CTATTATAGTTATTAGAGGGACACGACGTCATATGCTTGGT,A,0.037681751267308425
caqtl_accessibility,CAACGTCCCTAAGGGGGGTTTTGGTCCTGGTTAGTGTCTCT,C,0.020828554995593232
caqtl_accessibility,AGCTTGGCATGAGTTTATGTCGCCTAAGCTTCTCACTGGTG,A,-0.020340923992468226
caqtl_accessibility,TACAGTGCGTGTGGAGAGCAGAGGATTGGGCTAATTGATCC,G,0.02710146943688665
caqtl_accessibility,CGGCCATGTTTGTTACGAGATTGCCAGTTTGTATGACTACT,A,0.03728683246589677
caqtl_accessibility,TCCAAAAGAGTTATTGTTTCTTTAGGCGAACAAGGACTTAT,T,0.04343446168809783
caqtl_accessibility,AACCTTGCGCCCCCCACTTGTTATCTGAGACTGCTGGAAGT,T,0.04189727494294055
caqtl_accessibility,GTTTTAATGCAAGACTACCTACGTGCCAGTTGCAGTCCCCG,A,-0.001026018670679613
caqtl_accessibility,GCTTAGGCACTCGTCGGGACCGCAAATGCAACCCATCCTGA,T,0.02428223895612057
caqtl_accessibility,GGCACATTCGAGCGTGAAAGCAGCAAAGCAGTTGACCGAGC,G,0.01537546613859751
caqtl_accessibility,TGACCACAGGAAGCGGACTCTCCATATCCGGTTAAGTTTCG,C,0.04177845815892918
caqtl_accessibility,GGCATGGACCGTGAATCTTCGGCGAGCGGCATCTCATATCT,G,-0.035471662648441246
caqtl_accessibility,CACCTTTGGAGATTCCGATATTATAACGTGGGCTCCTACCC,G,-0.03264319692327408
caqtl_accessibility,CACTAGGGTCGTACTCGGATTTGATTCGAGTCGTGTACCAC,G,-0.05118476368984319
caqtl_accessibility,CTGGACTGGTGGTAAAGGCTCCGATTGGTATCCTAGAAAGC,T,0.0579010142680785
caqtl_accessibility,ACATCATAACTCTTTGAGAAGACCATACGTATGGCTTATGA,A,-0.023678521887361026
caqtl_accessibility,TATAACATTGACTTGCACGATTCCGTTGTGTAACCCGTAAA,C,0.06978071072487801
caqtl_accessibility,GCCCACAGGGGTGCATCCTACAGGCTCCTCTTACACAAGCT,G,0.021504834668310244
caqtl_accessibility,CCCTATCGGGTCACCGCTGCGTTCTGACCCTAATTTTACAT,C,0.04884267887039191
caqtl_accessibility,CTTGATGGGCTCCACAGTCTGATGTTTCAGCCCGGTTGGGG,C,-0.09729432748362069
caqtl_accessibility,GACACCGCTTGATGCGACTCTATCACTATCTTACAGATCTT,C,0.0292348728227261
caqtl_accessibility,CAGCTGCTTACCAGTACATGCGCCGCGTCCACTGGTATACT,C,-0.020656330927437478
caqtl_accessibility,ATTGGGCCCTACGGTGTATTCATTCGTCTACTGGTGAAGCC,A,0.027504103595403777
caqtl_accessibility,GTCAAATTTTCTCACGGCAACTGTGGATCGGGGAGCGTCAG,T,0.03234835533750612
caqtl_accessibility,GACGGGTCATGCCTCTTAGATCTTCAATCCAGTTGGGGACT,C,0.02706792355753135
